{
  "formatVersion": 1,
  "database": {
    "version": 30,
    "identityHash": "6aa6ab25f0dfbd7dc07a7f4d0374a4d2",
    "entities": [
      {
        "tableName": "external_subtitles_table",
        "createSql": "CREATE TABLE IF NOT EXISTS `${TABLE_NAME}` (`idSubtitle` TEXT NOT NULL, `subtitlePath` TEXT NOT NULL, `mediaPath` TEXT NOT NULL, `subLanguageID` TEXT NOT NULL, `movieReleaseName` TEXT NOT NULL, PRIMARY KEY(`mediaPath`, `idSubtitle`))",
        "fields": [
          {
            "fieldPath": "idSubtitle",
            "columnName": "idSubtitle",
            "affinity": "TEXT",
            "notNull": true
          },
          {
            "fieldPath": "subtitlePath",
            "columnName": "subtitlePath",
            "affinity": "TEXT",
            "notNull": true
          },
          {
            "fieldPath": "mediaPath",
            "columnName": "mediaPath",
            "affinity": "TEXT",
            "notNull": true
          },
          {
            "fieldPath": "subLanguageID",
            "columnName": "subLanguageID",
            "affinity": "TEXT",
            "notNull": true
          },
          {
            "fieldPath": "movieReleaseName",
            "columnName": "movieReleaseName",
            "affinity": "TEXT",
            "notNull": true
          }
        ],
        "primaryKey": {
          "columnNames": [
            "mediaPath",
            "idSubtitle"
          ],
          "autoGenerate": false
        },
        "indices": [],
        "foreignKeys": []
      },
      {
        "tableName": "SLAVES_table",
        "createSql": "CREATE TABLE IF NOT EXISTS `${TABLE_NAME}` (`slave_media_mrl` TEXT NOT NULL, `slave_type` INTEGER NOT NULL, `slave_priority` INTEGER NOT NULL, `slave_uri` TEXT NOT NULL, PRIMARY KEY(`slave_media_mrl`))",
        "fields": [
          {
            "fieldPath": "mediaPath",
            "columnName": "slave_media_mrl",
            "affinity": "TEXT",
            "notNull": true
          },
          {
            "fieldPath": "type",
            "columnName": "slave_type",
            "affinity": "INTEGER",
            "notNull": true
          },
          {
            "fieldPath": "priority",
            "columnName": "slave_priority",
            "affinity": "INTEGER",
            "notNull": true
          },
          {
            "fieldPath": "uri",
            "columnName": "slave_uri",
            "affinity": "TEXT",
            "notNull": true
          }
        ],
        "primaryKey": {
          "columnNames": [
            "slave_media_mrl"
          ],
          "autoGenerate": false
        },
        "indices": [],
        "foreignKeys": []
      },
      {
        "tableName": "fav_table",
        "createSql": "CREATE TABLE IF NOT EXISTS `${TABLE_NAME}` (`uri` TEXT NOT NULL, `type` INTEGER NOT NULL, `title` TEXT NOT NULL, `icon_url` TEXT, PRIMARY KEY(`uri`))",
        "fields": [
          {
            "fieldPath": "uri",
            "columnName": "uri",
            "affinity": "TEXT",
            "notNull": true
          },
          {
            "fieldPath": "type",
            "columnName": "type",
            "affinity": "INTEGER",
            "notNull": true
          },
          {
            "fieldPath": "title",
            "columnName": "title",
            "affinity": "TEXT",
            "notNull": true
          },
          {
            "fieldPath": "iconUrl",
            "columnName": "icon_url",
            "affinity": "TEXT",
            "notNull": false
          }
        ],
        "primaryKey": {
          "columnNames": [
            "uri"
          ],
          "autoGenerate": false
        },
        "indices": [],
        "foreignKeys": []
      },
      {
        "tableName": "CustomDirectory",
        "createSql": "CREATE TABLE IF NOT EXISTS `${TABLE_NAME}` (`path` TEXT NOT NULL, PRIMARY KEY(`path`))",
        "fields": [
          {
            "fieldPath": "path",
            "columnName": "path",
            "affinity": "TEXT",
            "notNull": true
          }
        ],
        "primaryKey": {
          "columnNames": [
            "path"
          ],
          "autoGenerate": false
        },
        "indices": [],
        "foreignKeys": []
      }
    ],
    "views": [],
    "setupQueries": [
      "CREATE TABLE IF NOT EXISTS room_master_table (id INTEGER PRIMARY KEY,identity_hash TEXT)",
      "INSERT OR REPLACE INTO room_master_table (id,identity_hash) VALUES(42, '6aa6ab25f0dfbd7dc07a7f4d0374a4d2')"
    ]
  }
}