[
  {
    "name"   : "Android Auto",
    "package": "com.google.android.projection.gearhead",
    "keys"   : [
      {
        "release": "true",
        "keyId"  : "fd:b0:0c:43:db:de:8b:51:cb:31:2a:a8:1d:3b:5f:a1:77:13:ad:b9:4b:28:f5:98:d7:7f:8e:b8:9d:ac:ee:df"
      },
      {
        "release": "false",
        "keyId"  : "19:75:b2:f1:71:77:bc:89:a5:df:f3:1f:9e:64:a6:ca:e2:81:a5:3d:c1:d1:d5:9b:1d:14:7f:e1:c8:2a:fa:00"
      },
      {
        "release": "false",
        "keyId"  : "70:81:1a:3e:ac:fd:2e:83:e1:8d:a9:bf:ed:e5:2d:f1:6c:e9:1f:2e:69:a4:4d:21:f1:8a:b6:69:91:13:07:71"
      }
    ]
  },
  {
    "name"   : "WearOS",
    "package": "com.google.android.wearable.app",
    "keys"   : [
      {
        "release": "true",
        "keyId"  : "85:cd:59:73:54:1b:e6:f4:77:d8:47:a0:bc:c6:aa:25:27:68:4b:81:9c:d5:96:85:29:66:4c:b0:71:57:b6:fe"
      },
      {
        "release": "false",
        "keyId"  : "69:d0:72:16:9a:2c:6b:2f:5a:cc:59:0c:e4:33:a1:1a:c3:df:55:1a:df:ee:5d:5f:63:c0:83:b7:22:76:2e:19"
      }
    ]
  },
  {
    "name"   : "Android Auto Simulator",
    "package": "com.google.android.autosimulator",
    "keys"   : [
      {
        "release": "true",
        "keyId"  : "19:75:b2:f1:71:77:bc:89:a5:df:f3:1f:9e:64:a6:ca:e2:81:a5:3d:c1:d1:d5:9b:1d:14:7f:e1:c8:2a:fa:00"
      }
    ]
  },
  {
    "name"   : "Google",
    "package": "com.google.android.googlequicksearchbox",
    "keys"   : [
      {
        "release": "true",
        "keyId"  : "f0:fd:6c:5b:41:0f:25:cb:25:c3:b5:33:46:c8:97:2f:ae:30:f8:ee:74:11:df:91:04:80:ad:6b:2d:60:db:83"
      },
      {
        "release": "false",
        "keyId"  : "19:75:b2:f1:71:77:bc:89:a5:df:f3:1f:9e:64:a6:ca:e2:81:a5:3d:c1:d1:d5:9b:1d:14:7f:e1:c8:2a:fa:00"
      }
    ]
  },
  {
    "name"   : "Google Assistant on Android Automotive OS",
    "package": "com.google.android.carassistant",
    "keys"   : [
      {
        "release": "true",
        "keyId"  : "74:B6:FB:F7:10:E8:D9:0D:44:D3:40:12:58:89:B4:23:06:A6:2C:43:79:D0:E5:A6:62:20:E3:A6:8A:BF:90:E2"
      },
      {
        "release": "false",
        "keyId"  : "17:E2:81:11:06:2F:97:A8:60:79:7A:83:70:5B:F8:2C:7C:C0:29:35:56:6D:46:22:BC:4E:CF:EE:1B:EB:F8:15"
      }
    ]
  }
]